"Periodo(TX de AAAA)";"Balanza de pagos - Cuenta corriente - trimestral";"Balanza de pagos - Cuenta Financiera - trimestral";"Balanza de pagos - Ingreso Primario (Renta Factorial) - trimestral";"Balanza de pagos - Ingreso Secundario (Transferencias corrientes) - trimestral";"Balanza de pagos - Cuenta corriente - bienes y servicios - trimestral";"Archivo"
"2000/03/31";91,16;304,81;-610,04;441,02;260,17;"Balanza de pagos"
"2000/06/30";77,49;173,67;-564,12;373,44;268,17;"Balanza de pagos"
"2000/09/30";363,39;359,83;-536,98;416,27;484,1;"Balanza de pagos"
"2000/12/31";313,36;11,35;-445,31;442,44;316,23;"Balanza de pagos"
"2001/03/31";-477,54;-430,22;-653,41;464,07;-288,2;"Balanza de pagos"
"2001/06/30";-290,92;-409,26;-632,5;670,97;-329,39;"Balanza de pagos"
"2001/09/30";-22,78;-197,82;-576,82;591,13;-37,09;"Balanza de pagos"
"2001/12/31";-249,09;-191,41;-561,06;627,83;-315,85;"Balanza de pagos"
"2002/03/31";-235,6;-92,87;-698,75;579,64;-116,49;"Balanza de pagos"
"2002/06/30";-348,82;-261,28;-675,43;630,31;-303,69;"Balanza de pagos"
"2002/09/30";-305,35;-386,42;-619,83;726,64;-412,17;"Balanza de pagos"
"2002/12/31";-399,44;-425,12;-637,37;719,21;-481,28;"Balanza de pagos"
"2003/03/31";-605,42;-690,04;-865,69;730,61;-470,34;"Balanza de pagos"
"2003/06/30";-70,26;-81,48;-765,94;803,73;-108,05;"Balanza de pagos"
"2003/09/30";59,36;40,43;-813,57;890,41;-17,48;"Balanza de pagos"
"2003/12/31";-295,68;-109,48;-742,58;883,75;-436,85;"Balanza de pagos"
"2004/03/31";-591,15;-445,58;-1119,21;811,66;-283,59;"Balanza de pagos"
"2004/06/30";-210,22;-1,67;-925,65;889,6;-174,17;"Balanza de pagos"
"2004/09/30";119,29;77,51;-997,85;940,85;176,3;"Balanza de pagos"
"2004/12/31";-92,48;-345,39;-972,97;1082,16;-201,67;"Balanza de pagos"
"2005/03/31";-551,51;-335,13;-1305,4;891,94;-138,05;"Balanza de pagos"
"2005/06/30";-285,27;-198,92;-1318,26;1044,31;-11,32;"Balanza de pagos"
"2005/09/30";-877,34;-693,97;-1498,87;1033,9;-412,36;"Balanza de pagos"
"2005/12/31";-233,64;-279,24;-1216,51;1111,75;-128,88;"Balanza de pagos"
"2006/03/31";-669,35;-643,77;-1518,27;1050,43;-201,51;"Balanza de pagos"
"2006/06/30";-707,39;-614,64;-1478,7;1208,1;-436,79;"Balanza de pagos"
"2006/09/30";-775,02;-528,78;-1325,19;1203,28;-653,11;"Balanza de pagos"
"2006/12/31";-839,28;-1076,43;-1431,53;1252,38;-660,13;"Balanza de pagos"
"2007/03/31";-2091,34;-1819,06;-1919,13;1183,4;-1355,61;"Balanza de pagos"
"2007/06/30";-1453,64;-1310,7;-1867,63;1127,82;-713,83;"Balanza de pagos"
"2007/09/30";-1462,86;-1555,27;-1836,08;1321,68;-948,46;"Balanza de pagos"
"2007/12/31";-1141,8;-969,55;-2238,22;1519,99;-423,57;"Balanza de pagos"
"2008/03/31";-1312,29;-1555,95;-2427,74;1292,62;-177,17;"Balanza de pagos"
"2008/06/30";-1157,35;-1269,52;-2814,85;1360,84;296,66;"Balanza de pagos"
"2008/09/30";-1661,08;-1525,71;-2477,73;1465,99;-649,34;"Balanza de pagos"
"2008/12/31";-2366,56;-2570,57;-1929,18;1335,17;-1772,55;"Balanza de pagos"
"2009/03/31";-932,18;-750,29;-1782,63;1200,65;-350,19;"Balanza de pagos"
"2009/06/30";-760,92;-1176,97;-1974,08;1084,78;128,38;"Balanza de pagos"
"2009/09/30";-1296,27;-1545,38;-2064,25;1061,8;-293,82;"Balanza de pagos"
"2009/12/31";-1443,64;-1505,37;-2364,55;1211,01;-290,1;"Balanza de pagos"
"2010/03/31";-1260,82;-1019,32;-2494,84;976,05;257,97;"Balanza de pagos"
"2010/06/30";-1405,76;-1425,68;-2790,67;1159,94;224,97;"Balanza de pagos"
"2010/09/30";-3210,35;-3587,75;-2856,23;1170,98;-1525,1;"Balanza de pagos"
"2010/12/31";-2706,09;-3299,06;-2854,55;1352,46;-1203,99;"Balanza de pagos"
"2011/03/31";-2002,97;-1411,14;-3162,33;1152,77;6,59;"Balanza de pagos"
"2011/06/30";-1726,11;-1575,63;-3512,98;1167,32;619,55;"Balanza de pagos"
"2011/09/30";-3030,85;-2552,03;-4070,56;1390,52;-350,8;"Balanza de pagos"
"2011/12/31";-2974,58;-3168,52;-4567,27;1340,45;252,24;"Balanza de pagos"
"2012/03/31";-1838,26;-1549,32;-3897,03;1153,7;905,07;"Balanza de pagos"
"2012/06/30";-3235,46;-3193,24;-3658,11;1242,9;-820,25;"Balanza de pagos"
"2012/09/30";-3596,24;-3520,57;-3418,06;1163,08;-1341,26;"Balanza de pagos"
"2012/12/31";-2970,04;-3289,75;-4034,47;1272,99;-208,56;"Balanza de pagos"
"2013/03/31";-3439,16;-3094,65;-3663,82;1052,35;-827,69;"Balanza de pagos"
"2013/06/30";-2205,94;-1892,88;-3394,47;1270,41;-81,88;"Balanza de pagos"
"2013/09/30";-3596,22;-3429,59;-3428,68;1296,95;-1464,49;"Balanza de pagos"
"2013/12/31";-3123,81;-3322,49;-3514,54;1267,18;-876,44;"Balanza de pagos"
"2014/03/31";-4124,71;-4158,15;-3209,12;1049,61;-1965,2;"Balanza de pagos"
"2014/06/30";-4189,28;-3944,2;-3167,29;1040,73;-2062,73;"Balanza de pagos"
"2014/09/30";-5033,41;-4996,06;-3469,03;1164,32;-2728,69;"Balanza de pagos"
"2014/12/31";-6471,14;-6193,64;-2262,47;1366,99;-5575,66;"Balanza de pagos"
"2015/03/31";-5291,93;-5131,93;-1720,92;1298,03;-4869,05;"Balanza de pagos"
"2015/06/30";-4426,37;-4339,89;-1913,74;1272,45;-3785,09;"Balanza de pagos"
"2015/09/30";-5055,77;-4880,42;-1292,82;1628,8;-5391,75;"Balanza de pagos"
"2015/12/31";-3928,15;-3707,49;-522,08;1552,42;-4958,49;"Balanza de pagos"
"2016/03/31";-3524,79;-3619,9;-1034,01;1480,09;-3970,87;"Balanza de pagos"
"2016/06/30";-2794,42;-3243,64;-1347,58;1488,39;-2935,22;"Balanza de pagos"
"2016/09/30";-3601,14;-3525,42;-1525,11;1483,96;-3559,99;"Balanza de pagos"
"2016/12/31";-2666,21;-1950,42;-1405,49;1724,33;-2985,05;"Balanza de pagos"
"2017/03/31";-3489,52;-2986,42;-2286,45;1526,6;-2729,66;"Balanza de pagos"
"2017/06/30";-2425,56;-2624,6;-1558;1683,84;-2551,39;"Balanza de pagos"
"2017/09/30";-2560,65;-2379,38;-1993,49;1758,84;-2326;"Balanza de pagos"
"2017/12/31";-1448,64;-1634,51;-2208,26;1914,07;-1154,45;"Balanza de pagos"
"2018/03/31";-3022,55;-2876,34;-2922,23;1739,29;-1839,61;"Balanza de pagos"
"2018/06/30";-3470,93;-2718,5;-2783,74;1870,09;-2557,28;"Balanza de pagos"
"2018/09/30";-3406,02;-3487,12;-2769,13;2035,04;-2671,93;"Balanza de pagos"
"2018/12/31";-4141,46;-3871,89;-2967,08;2312,99;-3487,37;"Balanza de pagos"
"2019/03/31";-3820,36;-3519,75;-2614,61;1931,76;-3137,51;"Balanza de pagos"
"2019/06/30";-3218,92;-3333,1;-2502,18;2281,06;-2997,8;"Balanza de pagos"
"2019/09/30";-4302,65;-3739,66;-2301,05;2404,45;-4406,04;"Balanza de pagos"
"2019/12/31";-3466,74;-2705,82;-2298,07;2438,14;-3606,82;"Balanza de pagos"
"2020/03/31";-2295,2;-1735,26;-1369,45;2172,6;-3098,35;"Balanza de pagos"
"2020/06/30";-1962,07;-1937,51;-1028,68;1717,61;-2651,01;"Balanza de pagos"
"2020/09/30";-2012,55;-1857,05;-1171,94;2422,43;-3263,04;"Balanza de pagos"
"2020/12/31";-2997;-2583,64;-1379,82;2475,18;-4092,35;"Balanza de pagos"
"2021/03/31";-3105,09;-2789,01;-1867,2;2450,17;-3688,07;"Balanza de pagos"
"2021/06/30";-4047,23;-3760,57;-1652,07;2626,54;-5021,71;"Balanza de pagos"
"2021/09/30";-4834,83;-4503,8;-2339,09;2762,92;-5258,66;"Balanza de pagos"
"2021/12/31";-5962,24;-5639,74;-2864,91;2934,9;-6032,24;"Balanza de pagos"
"2022/03/31";-5397,89;-5036,72;-3616,84;3176,49;-4957,55;"Balanza de pagos"
"2022/06/30";-4751,21;-4951,77;-4530,54;2828,69;-3049,36;"Balanza de pagos"
"2022/09/30";-6107,18;-5735,76;-4794,74;3103,67;-4416,1;"Balanza de pagos"
"2022/12/31";-4624,7;-4741,41;-4144,21;3192,62;-3673,11;"Balanza de pagos"
"2023/03/31";-2809,43;-2590,71;-3727,09;3094,41;-2176,75;"Balanza de pagos"
"2023/06/30";-2086,67;-2699,15;-3056,08;3029,17;-2059,76;"Balanza de pagos"
"2023/09/30";-1546,58;-1376,23;-3507,72;3364,79;-1403,65;"Balanza de pagos"
"2023/12/31";-1879,67;-1182,42;-3147,9;3433,68;-2165,45;"Balanza de pagos"
"2024/03/31";-1590,82;-1485,66;-3152;3331,07;-1769,89;"Balanza de pagos"
"2024/06/30";-1426,34;-1079,57;-2964,97;3896,77;-2358,14;"Balanza de pagos"
"2024/09/30";-1647,55;-1024,37;-3342,69;4073,27;-2378,12;"Balanza de pagos"
"2024/12/31";-2435,45;-1987,71;-3377,36;4206,04;-3264,14;"Balanza de pagos"
"2025/03/31";-1663,75;-1410,48;-2982,3;3846,22;-2527,67;"Balanza de pagos"
"2025/06/30";-2489,61;-1795,81;-2803,65;4150,99;-3836,95;"Balanza de pagos"
"2025/09/30";-2944,74;-2472,43;-3105,93;4212,91;-4051,72;"Balanza de pagos"
"2025/12/31";-3923,69;-3210,7;-3678,23;4224,31;-4469,76;"Balanza de pagos"
"2026/03/31";-1573,14;-953,66;-3250,72;4177,6;-2500,02;"Balanza de pagos"
