"Periodo(MMM, AAAA)";"Saldo de la deuda externa total, porcentaje del PIB";"Saldo de la deuda externa total";"Saldo de la deuda externa del sector público";"Saldo de la deuda externa del sector privado";"Archivo"
"2001/01/31";37,35;36431,04;20906,88;15524,16;"Deuda externa (pública y privada)"
"2001/02/28";37,38;36467,44;21016,84;15450,6;"Deuda externa (pública y privada)"
"2001/03/31";37,35;36436,46;20979,09;15457,36;"Deuda externa (pública y privada)"
"2001/04/30";38,11;37180,45;21663,62;15516,83;"Deuda externa (pública y privada)"
"2001/05/31";38,7;37753,48;22207,56;15545,92;"Deuda externa (pública y privada)"
"2001/06/30";38,85;37559,38;22251,81;15307,58;"Deuda externa (pública y privada)"
"2001/07/31";38,8;37514,7;22155,33;15359,37;"Deuda externa (pública y privada)"
"2001/08/31";39,15;37844,48;22603,49;15241;"Deuda externa (pública y privada)"
"2001/09/30";39,36;38220,44;22683,33;15537,11;"Deuda externa (pública y privada)"
"2001/10/31";39,19;38056,02;22543,65;15512,37;"Deuda externa (pública y privada)"
"2001/11/30";39,66;38503,98;22845,23;15658,76;"Deuda externa (pública y privada)"
"2001/12/31";40,28;39163,47;23534,56;15628,91;"Deuda externa (pública y privada)"
"2002/01/31";40,1;38988,24;23243,65;15744,59;"Deuda externa (pública y privada)"
"2002/02/28";39,84;38731,78;23173,35;15558,42;"Deuda externa (pública y privada)"
"2002/03/31";38,94;38208,16;22837,36;15370,8;"Deuda externa (pública y privada)"
"2002/04/30";39,01;38275,05;22920,7;15354,35;"Deuda externa (pública y privada)"
"2002/05/31";38,42;37701,57;22517,77;15183,8;"Deuda externa (pública y privada)"
"2002/06/30";37,5;37613,86;22384,28;15229,58;"Deuda externa (pública y privada)"
"2002/07/31";37,86;37974,42;22686,55;15287,87;"Deuda externa (pública y privada)"
"2002/08/31";37,89;38012,74;22694,19;15318,55;"Deuda externa (pública y privada)"
"2002/09/30";38,18;37974,55;22821,25;15153,3;"Deuda externa (pública y privada)"
"2002/10/31";37,76;37547,64;22556,24;14991,41;"Deuda externa (pública y privada)"
"2002/11/30";37,72;37514,7;22660,28;14854,42;"Deuda externa (pública y privada)"
"2002/12/31";38,4;37381,76;22838,44;14543,32;"Deuda externa (pública y privada)"
"2003/01/31";39,3;38265,58;23666,07;14599,51;"Deuda externa (pública y privada)"
"2003/02/28";39,39;38345,75;23516,98;14828,77;"Deuda externa (pública y privada)"
"2003/03/31";40,2;37961,77;23297,66;14664,11;"Deuda externa (pública y privada)"
"2003/04/30";41,26;38968,38;24254,26;14714,13;"Deuda externa (pública y privada)"
"2003/05/31";41,08;38800,54;24214,56;14585,98;"Deuda externa (pública y privada)"
"2003/06/30";41,54;37990,88;23360,11;14630,78;"Deuda externa (pública y privada)"
"2003/07/31";41,07;37567,69;23176,05;14391,64;"Deuda externa (pública y privada)"
"2003/08/31";41,01;37513,02;23442,52;14070,5;"Deuda externa (pública y privada)"
"2003/09/30";41,15;37771,16;23904,53;13866,62;"Deuda externa (pública y privada)"
"2003/10/31";41,45;38044,86;24015,05;14029,81;"Deuda externa (pública y privada)"
"2003/11/30";41,37;37970,54;24259,09;13711,44;"Deuda externa (pública y privada)"
"2003/12/31";40,62;38064,65;24584,19;13480,46;"Deuda externa (pública y privada)"
"2004/01/31";41,1;38518,19;24850,83;13667,36;"Deuda externa (pública y privada)"
"2004/02/29";40,77;38204,82;24700,52;13504,29;"Deuda externa (pública y privada)"
"2004/03/31";38,33;37754,38;24239,19;13515,19;"Deuda externa (pública y privada)"
"2004/04/30";38,16;37582,97;24135,27;13447,7;"Deuda externa (pública y privada)"
"2004/05/31";38,06;37487,08;24165,87;13321,21;"Deuda externa (pública y privada)"
"2004/06/30";36,52;37634,93;24344,38;13290,55;"Deuda externa (pública y privada)"
"2004/07/31";36,33;37438,23;24176,64;13261,59;"Deuda externa (pública y privada)"
"2004/08/31";36,63;37748,15;24425,87;13322,28;"Deuda externa (pública y privada)"
"2004/09/30";35,27;38351,6;24848,77;13502,82;"Deuda externa (pública y privada)"
"2004/10/31";35,27;38357,45;24872,14;13485,31;"Deuda externa (pública y privada)"
"2004/11/30";35,9;39041,53;25558,43;13483,1;"Deuda externa (pública y privada)"
"2004/12/31";34;39497,47;25835,03;13662,44;"Deuda externa (pública y privada)"
"2005/01/31";33,87;39340,22;25693,48;13646,74;"Deuda externa (pública y privada)"
"2005/02/28";34,1;39606,72;25918,38;13688,34;"Deuda externa (pública y privada)"
"2005/03/31";31,81;39138,53;25598,87;13539,67;"Deuda externa (pública y privada)"
"2005/04/30";30,66;37721,95;24191,34;13530,62;"Deuda externa (pública y privada)"
"2005/05/31";30,63;37677,59;24176;13501,59;"Deuda externa (pública y privada)"
"2005/06/30";28,47;37061,42;23459,51;13601,91;"Deuda externa (pública y privada)"
"2005/07/31";29,02;37786,5;24051,03;13735,46;"Deuda externa (pública y privada)"
"2005/08/31";29,15;37943,58;24245,75;13697,83;"Deuda externa (pública y privada)"
"2005/09/30";27,09;37440,12;23502,34;13937,79;"Deuda externa (pública y privada)"
"2005/10/31";26,93;37211,7;23224,63;13987,08;"Deuda externa (pública y privada)"
"2005/11/30";27,21;37605,48;23170,98;14434,51;"Deuda externa (pública y privada)"
"2005/12/31";26,43;38506,51;24189,34;14317,17;"Deuda externa (pública y privada)"
"2006/01/31";26,55;38680,09;24216,32;14463,76;"Deuda externa (pública y privada)"
"2006/02/28";26,54;38678,98;24223,93;14455,05;"Deuda externa (pública y privada)"
"2006/03/31";24,93;37590,53;23389,28;14201,24;"Deuda externa (pública y privada)"
"2006/04/30";24,84;37442,65;23404,24;14038,41;"Deuda externa (pública y privada)"
"2006/05/31";24,92;37562,69;23393,55;14169,14;"Deuda externa (pública y privada)"
"2006/06/30";24,11;36906,67;22550,14;14356,53;"Deuda externa (pública y privada)"
"2006/07/31";24,91;38132,14;24120,43;14011,71;"Deuda externa (pública y privada)"
"2006/08/31";24,99;38266,61;24485,03;13781,58;"Deuda externa (pública y privada)"
"2006/09/30";24,94;39043,37;25189,35;13854,02;"Deuda externa (pública y privada)"
"2006/10/31";24,92;39000,18;25409,79;13590,38;"Deuda externa (pública y privada)"
"2006/11/30";25,41;39773,15;26071,38;13701,77;"Deuda externa (pública y privada)"
"2006/12/31";24,77;40102,72;26299,24;13803,49;"Deuda externa (pública y privada)"
"2007/01/31";25,68;41582,59;27226,07;14356,51;"Deuda externa (pública y privada)"
"2007/02/28";25,98;42073,13;27221,36;14851,77;"Deuda externa (pública y privada)"
"2007/03/31";25,04;42216,64;27273,27;14943,37;"Deuda externa (pública y privada)"
"2007/04/30";25,55;43082,76;27474,58;15608,18;"Deuda externa (pública y privada)"
"2007/05/31";25,53;43041,34;27583,35;15457,99;"Deuda externa (pública y privada)"
"2007/06/30";23,76;43119,02;27838,18;15280,84;"Deuda externa (pública y privada)"
"2007/07/31";23,8;43188,33;28105,4;15082,93;"Deuda externa (pública y privada)"
"2007/08/31";23,79;43180,01;27822,5;15357,51;"Deuda externa (pública y privada)"
"2007/09/30";22,3;43389,1;28138,3;15250,8;"Deuda externa (pública y privada)"
"2007/10/31";22,49;43755,54;28314,01;15441,53;"Deuda externa (pública y privada)"
"2007/11/30";22,55;43866,35;28305,41;15560,93;"Deuda externa (pública y privada)"
"2007/12/31";21,54;44553,06;28818,82;15734,24;"Deuda externa (pública y privada)"
"2008/01/31";21,7;44884,39;29182,37;15702,02;"Deuda externa (pública y privada)"
"2008/02/29";21,71;44905,53;29191,14;15714,39;"Deuda externa (pública y privada)"
"2008/03/31";20,52;45178,19;29352,92;15825,26;"Deuda externa (pública y privada)"
"2008/04/30";20,62;45409,12;29536,51;15872,61;"Deuda externa (pública y privada)"
"2008/05/31";20,74;45666,75;29597,02;16069,73;"Deuda externa (pública y privada)"
"2008/06/30";19,34;45380,77;29269,16;16111,6;"Deuda externa (pública y privada)"
"2008/07/31";19,55;45884,8;29439,26;16445,54;"Deuda externa (pública y privada)"
"2008/08/31";19,49;45728,77;29000,19;16728,58;"Deuda externa (pública y privada)"
"2008/09/30";18,5;45511,51;28630,09;16881,42;"Deuda externa (pública y privada)"
"2008/10/31";18,62;45808,69;28835,9;16972,79;"Deuda externa (pública y privada)"
"2008/11/30";18,69;45988,19;28932,82;17055,37;"Deuda externa (pública y privada)"
"2008/12/31";19,05;46439,86;29514,45;16925,41;"Deuda externa (pública y privada)"
"2009/01/31";19,29;47028,56;30286,02;16742,54;"Deuda externa (pública y privada)"
"2009/02/28";19,04;46425,68;30009,43;16416,25;"Deuda externa (pública y privada)"
"2009/03/31";19,98;46747,9;30558,71;16189,19;"Deuda externa (pública y privada)"
"2009/04/30";20,06;46925,22;31025,24;15899,99;"Deuda externa (pública y privada)"
"2009/05/31";20,02;46842,02;31188,92;15653,1;"Deuda externa (pública y privada)"
"2009/06/30";20,73;46339,31;31129,47;15209,84;"Deuda externa (pública y privada)"
"2009/07/31";21,73;48587,37;33424,74;15162,62;"Deuda externa (pública y privada)"
"2009/08/31";22,37;50010,55;34812,79;15197,76;"Deuda externa (pública y privada)"
"2009/09/30";23,13;51378,11;35245,33;16132,78;"Deuda externa (pública y privada)"
"2009/10/31";23,81;52870,57;36397,84;16472,74;"Deuda externa (pública y privada)"
"2009/11/30";24,09;53501,66;37009,81;16491,85;"Deuda externa (pública y privada)"
"2009/12/31";22,9;53779,25;37189,53;16589,72;"Deuda externa (pública y privada)"
"2010/01/31";22,87;53714,54;37191,33;16523,21;"Deuda externa (pública y privada)"
"2010/02/28";22,77;53478,99;36608,4;16870,59;"Deuda externa (pública y privada)"
"2010/03/31";21,41;53959,28;36552,31;17406,97;"Deuda externa (pública y privada)"
"2010/04/30";21,95;55323,76;37872,24;17451,52;"Deuda externa (pública y privada)"
"2010/05/31";21,84;55059,76;37542,78;17516,98;"Deuda externa (pública y privada)"
"2010/06/30";21,03;55824,95;37792,01;18032,94;"Deuda externa (pública y privada)"
"2010/07/31";22,95;60916,64;38300,52;22616,12;"Deuda externa (pública y privada)"
"2010/08/31";23,11;61331,8;38309,62;23022,18;"Deuda externa (pública y privada)"
"2010/09/30";22,37;61946,06;38638,78;23307,28;"Deuda externa (pública y privada)"
"2010/10/31";22,51;62336,46;39185,77;23150,69;"Deuda externa (pública y privada)"
"2010/11/30";22,43;62117,76;39002,57;23115,19;"Deuda externa (pública y privada)"
"2010/12/31";22,58;64791,91;39599,78;25192,13;"Deuda externa (pública y privada)"
"2011/01/31";23,2;66573,88;39589,05;26984,83;"Deuda externa (pública y privada)"
"2011/02/28";23,33;66959,08;39823,1;27135,98;"Deuda externa (pública y privada)"
"2011/03/31";22,79;67886,4;39832,42;28053,98;"Deuda externa (pública y privada)"
"2011/04/30";22,89;68184,74;40140,76;28043,98;"Deuda externa (pública y privada)"
"2011/05/31";22,74;67752,66;39394,77;28357,89;"Deuda externa (pública y privada)"
"2011/06/30";21,99;68929,85;39679,5;29250,35;"Deuda externa (pública y privada)"
"2011/07/31";22,93;71882,28;41915,31;29966,97;"Deuda externa (pública y privada)"
"2011/08/31";22,92;71854,51;41957,87;29896,63;"Deuda externa (pública y privada)"
"2011/09/30";22,09;72033,82;41464,25;30569,58;"Deuda externa (pública y privada)"
"2011/10/31";22,38;73001,48;41803,07;31198,4;"Deuda externa (pública y privada)"
"2011/11/30";22,47;73279,56;41822,95;31456,62;"Deuda externa (pública y privada)"
"2011/12/31";22,57;75621,8;42487,13;33134,67;"Deuda externa (pública y privada)"
"2012/01/31";22,76;76259,87;42763,02;33496,85;"Deuda externa (pública y privada)"
"2012/02/29";22,9;76704,38;43708,21;32996,16;"Deuda externa (pública y privada)"
"2012/03/31";22,09;76770,2;43934,93;32835,27;"Deuda externa (pública y privada)"
"2012/04/30";22,02;76542,37;44105,02;32437,35;"Deuda externa (pública y privada)"
"2012/05/31";21,87;76024,57;43766,03;32258,53;"Deuda externa (pública y privada)"
"2012/06/30";21,42;76168,26;43812,94;32355,32;"Deuda externa (pública y privada)"
"2012/07/31";21,45;76270,5;43904,68;32365,82;"Deuda externa (pública y privada)"
"2012/08/31";21,77;77391,82;44108,04;33283,78;"Deuda externa (pública y privada)"
"2012/09/30";22,13;79800,15;45006,52;34793,63;"Deuda externa (pública y privada)"
"2012/10/31";22,23;80172,87;45227,8;34945,07;"Deuda externa (pública y privada)"
"2012/11/30";22,39;80741,35;45271,29;35470,06;"Deuda externa (pública y privada)"
"2012/12/31";21,25;78784,11;46115,61;32668,5;"Deuda externa (pública y privada)"
"2013/01/31";21,78;80764,67;46903,06;33861,61;"Deuda externa (pública y privada)"
"2013/02/28";21,9;81222,23;46669,31;34552,93;"Deuda externa (pública y privada)"
"2013/03/31";21,78;81688,38;46552,38;35136;"Deuda externa (pública y privada)"
"2013/04/30";22,23;83387,51;46545;36842,51;"Deuda externa (pública y privada)"
"2013/05/31";22,18;83190,36;46158,49;37031,87;"Deuda externa (pública y privada)"
"2013/06/30";22,16;83735,98;46261,06;37474,92;"Deuda externa (pública y privada)"
"2013/07/31";22,41;84655,42;46334,4;38321,02;"Deuda externa (pública y privada)"
"2013/08/31";22,54;85155,52;46450,11;38705,41;"Deuda externa (pública y privada)"
"2013/09/30";23,7;90244,15;51273,27;38970,88;"Deuda externa (pública y privada)"
"2013/10/31";23,78;90567,9;51457,22;39110,68;"Deuda externa (pública y privada)"
"2013/11/30";23,88;90924,79;51401,24;39523,55;"Deuda externa (pública y privada)"
"2013/12/31";24,09;92072,68;52216,24;39856,44;"Deuda externa (pública y privada)"
"2014/01/31";24,47;93547,65;53850,69;39696,96;"Deuda externa (pública y privada)"
"2014/02/28";24,6;94038,98;53775,03;40263,94;"Deuda externa (pública y privada)"
"2014/03/31";24,97;94911,95;54126,77;40785,18;"Deuda externa (pública y privada)"
"2014/04/30";24,91;94657,16;54343,92;40313,23;"Deuda externa (pública y privada)"
"2014/05/31";25,48;96845,59;56641,36;40204,23;"Deuda externa (pública y privada)"
"2014/06/30";25,37;96986,4;56759,02;40227,37;"Deuda externa (pública y privada)"
"2014/07/31";25,44;97279,19;56726,61;40552,58;"Deuda externa (pública y privada)"
"2014/08/31";25,6;97862,27;57004,57;40857,7;"Deuda externa (pública y privada)"
"2014/09/30";25,45;98780,04;58379,09;40400,96;"Deuda externa (pública y privada)"
"2014/10/31";25,91;100553,01;59738,68;40814,33;"Deuda externa (pública y privada)"
"2014/11/30";25,83;100255,04;59194,3;41060,74;"Deuda externa (pública y privada)"
"2014/12/31";26,68;101909,09;59766,64;42142,45;"Deuda externa (pública y privada)"
"2015/01/31";27,3;104260,22;61023,82;43236,4;"Deuda externa (pública y privada)"
"2015/02/28";27,86;106410,62;62980,39;43430,24;"Deuda externa (pública y privada)"
"2015/03/31";29,06;106846,43;63458,67;43387,76;"Deuda externa (pública y privada)"
"2015/04/30";29,26;107576,24;63883,14;43693,1;"Deuda externa (pública y privada)"
"2015/05/31";29,1;107016,02;63294,35;43721,66;"Deuda externa (pública y privada)"
"2015/06/30";31,14;108529,45;64680,58;43848,87;"Deuda externa (pública y privada)"
"2015/07/31";31,13;108494,91;64210,67;44284,24;"Deuda externa (pública y privada)"
"2015/08/31";31,55;109967,23;63813,7;46153,53;"Deuda externa (pública y privada)"
"2015/09/30";34,9;110801,6;65119,05;45682,55;"Deuda externa (pública y privada)"
"2015/10/31";34,97;111010,33;65254,72;45755,61;"Deuda externa (pública y privada)"
"2015/11/30";34,77;110387,75;64850,42;45537,34;"Deuda externa (pública y privada)"
"2015/12/31";37,96;111918,26;66158,02;45760,24;"Deuda externa (pública y privada)"
"2016/01/31";38,14;112459,53;66264,4;46195,12;"Deuda externa (pública y privada)"
"2016/02/29";38,28;112860,01;66359,67;46500,35;"Deuda externa (pública y privada)"
"2016/03/31";41,2;115603,15;68272,57;47330,59;"Deuda externa (pública y privada)"
"2016/04/30";41,38;116105,32;68552,73;47552,6;"Deuda externa (pública y privada)"
"2016/05/31";41,61;116741,84;69324,43;47417,41;"Deuda externa (pública y privada)"
"2016/06/30";42,81;116985,28;69986,35;46998,93;"Deuda externa (pública y privada)"
"2016/07/31";42,8;116960,08;69775,39;47184,69;"Deuda externa (pública y privada)"
"2016/08/31";42,77;116859,08;69859,77;46999,31;"Deuda externa (pública y privada)"
"2016/09/30";42,13;116757,38;69780,66;46976,71;"Deuda externa (pública y privada)"
"2016/10/31";42,12;116749,25;69469,42;47279,83;"Deuda externa (pública y privada)"
"2016/11/30";42,2;116950,37;69682,95;47267,42;"Deuda externa (pública y privada)"
"2016/12/31";42,47;120397,13;71077,89;49319,25;"Deuda externa (pública y privada)"
"2017/01/31";42,91;121645,48;72191,47;49454,01;"Deuda externa (pública y privada)"
"2017/02/28";42,88;121565,29;72161,9;49403,39;"Deuda externa (pública y privada)"
"2017/03/31";40,93;121031,55;72171,98;48859,57;"Deuda externa (pública y privada)"
"2017/04/30";41,36;122307,24;72583,16;49724,08;"Deuda externa (pública y privada)"
"2017/05/31";41,76;123490,91;72705,35;50785,57;"Deuda externa (pública y privada)"
"2017/06/30";40,06;120926,5;70581,51;50345;"Deuda externa (pública y privada)"
"2017/07/31";40,26;121534,51;70669,08;50865,44;"Deuda externa (pública y privada)"
"2017/08/31";41,38;124911,17;72590,44;52320,73;"Deuda externa (pública y privada)"
"2017/09/30";40,64;124516,71;72331,88;52184,84;"Deuda externa (pública y privada)"
"2017/10/31";40,49;124057,5;71954,48;52103,02;"Deuda externa (pública y privada)"
"2017/11/30";40,7;124690,96;72199,47;52491,49;"Deuda externa (pública y privada)"
"2017/12/31";40,02;124795,52;71869,72;52925,8;"Deuda externa (pública y privada)"
"2018/01/31";40,22;125411,42;72765,96;52645,46;"Deuda externa (pública y privada)"
"2018/02/28";40,49;126268,15;72592,93;53675,22;"Deuda externa (pública y privada)"
"2018/03/31";39,93;127244,81;73372,2;53872,61;"Deuda externa (pública y privada)"
"2018/04/30";40,12;127836,89;73114,42;54722,48;"Deuda externa (pública y privada)"
"2018/05/31";39,86;127014,92;72723,14;54291,77;"Deuda externa (pública y privada)"
"2018/06/30";38,83;126883,06;72436,18;54446,88;"Deuda externa (pública y privada)"
"2018/07/31";39;127440,4;72405,38;55035,01;"Deuda externa (pública y privada)"
"2018/08/31";38,93;127195,19;72096,12;55099,07;"Deuda externa (pública y privada)"
"2018/09/30";38,38;127915,83;72530,56;55385,27;"Deuda externa (pública y privada)"
"2018/10/31";38,73;129101,96;73216,98;55884,98;"Deuda externa (pública y privada)"
"2018/11/30";39,59;131944,5;74060,15;57884,34;"Deuda externa (pública y privada)"
"2018/12/31";39,55;132222,84;72999,41;59223,42;"Deuda externa (pública y privada)"
"2019/01/31";40,42;135130,34;75162,77;59967,57;"Deuda externa (pública y privada)"
"2019/02/28";40,65;135893,64;75632,65;60260,99;"Deuda externa (pública y privada)"
"2019/03/31";40,26;133712,79;73696,87;60015,93;"Deuda externa (pública y privada)"
"2019/04/30";40,26;133723,17;73444,47;60278,7;"Deuda externa (pública y privada)"
"2019/05/31";40,62;134894,25;73040,29;61853,97;"Deuda externa (pública y privada)"
"2019/06/30";41,35;135351,18;73211,2;62139,98;"Deuda externa (pública y privada)"
"2019/07/31";41,59;136121,03;73440,85;62680,19;"Deuda externa (pública y privada)"
"2019/08/31";41,63;136240,79;72574,34;63666,45;"Deuda externa (pública y privada)"
"2019/09/30";42,29;136636,7;72873,44;63763,27;"Deuda externa (pública y privada)"
"2019/10/31";42,86;138463,86;73808,42;64655,43;"Deuda externa (pública y privada)"
"2019/11/30";42,88;138545,5;72865,38;65680,12;"Deuda externa (pública y privada)"
"2019/12/31";42,94;138683,18;73835,29;64847,9;"Deuda externa (pública y privada)"
"2020/01/31";43,5;140493,7;75360,22;65133,48;"Deuda externa (pública y privada)"
"2020/02/29";43,18;139457,2;74184,96;65272,25;"Deuda externa (pública y privada)"
"2020/03/31";44,39;140542,24;73923,64;66618,6;"Deuda externa (pública y privada)"
"2020/04/30";45,55;144216,95;77139,61;67077,34;"Deuda externa (pública y privada)"
"2020/05/31";45,94;145433,06;78084,41;67348,65;"Deuda externa (pública y privada)"
"2020/06/30";50,12;146832,14;80551,09;66281,05;"Deuda externa (pública y privada)"
"2020/07/31";51,42;150659,51;83718,75;66940,76;"Deuda externa (pública y privada)"
"2020/08/31";51,49;150866,32;84246,83;66619,49;"Deuda externa (pública y privada)"
"2020/09/30";53,12;147718,79;83353,47;64365,32;"Deuda externa (pública y privada)"
"2020/10/31";53,07;147585,49;83240,38;64345,11;"Deuda externa (pública y privada)"
"2020/11/30";53,29;148187,87;83648,41;64539,46;"Deuda externa (pública y privada)"
"2020/12/31";57,02;154507,34;89958,88;64548,46;"Deuda externa (pública y privada)"
"2021/01/31";57,34;155367,07;91189,61;64177,45;"Deuda externa (pública y privada)"
"2021/02/28";57,37;155448,91;91017,32;64431,59;"Deuda externa (pública y privada)"
"2021/03/31";56,07;153576,99;89673,23;63903,76;"Deuda externa (pública y privada)"
"2021/04/30";57,57;157705,51;92191,83;65513,68;"Deuda externa (pública y privada)"
"2021/05/31";57,68;157989,45;92232,04;65757,4;"Deuda externa (pública y privada)"
"2021/06/30";54,03;157996,32;92229,73;65766,59;"Deuda externa (pública y privada)"
"2021/07/31";54,28;158744,72;92205,55;66539,17;"Deuda externa (pública y privada)"
"2021/08/31";56,69;165781,36;98538,56;67242,81;"Deuda externa (pública y privada)"
"2021/09/30";54,2;165859,98;98562,61;67297,37;"Deuda externa (pública y privada)"
"2021/10/31";54,77;167627,37;100023,22;67604,15;"Deuda externa (pública y privada)"
"2021/11/30";55,01;168352,44;100578,39;67774,05;"Deuda externa (pública y privada)"
"2021/12/31";53,89;171303,26;102394,59;68908,67;"Deuda externa (pública y privada)"
"2022/01/31";54,06;171837,54;101484,33;70353,21;"Deuda externa (pública y privada)"
"2022/02/28";54,36;172790,76;101657,72;71133,04;"Deuda externa (pública y privada)"
"2022/03/31";53,5;175108,75;101556,94;73551,81;"Deuda externa (pública y privada)"
"2022/04/30";53,24;174278,31;100581,44;73696,87;"Deuda externa (pública y privada)"
"2022/05/31";53,72;175846,51;101417,65;74428,86;"Deuda externa (pública y privada)"
"2022/06/30";51,19;175986,17;100927,39;75058,78;"Deuda externa (pública y privada)"
"2022/07/31";51,39;176679,54;100825,53;75854,01;"Deuda externa (pública y privada)"
"2022/08/31";51,74;177860,54;100872,42;76988,12;"Deuda externa (pública y privada)"
"2022/09/30";50,4;177124,96;100722,67;76402,3;"Deuda externa (pública y privada)"
"2022/10/31";50,66;178014,7;100370,49;77644,2;"Deuda externa (pública y privada)"
"2022/11/30";51,37;180528,18;101680,59;78847,59;"Deuda externa (pública y privada)"
"2022/12/31";53,06;183818,3;104642,7;79175,6;"Deuda externa (pública y privada)"
"2023/01/31";53,93;186854,53;106499;80355,53;"Deuda externa (pública y privada)"
"2023/02/28";54,09;187392,86;106981,9;80410,96;"Deuda externa (pública y privada)"
"2023/03/31";54,8;187058,72;106467,45;80591,27;"Deuda externa (pública y privada)"
"2023/04/30";54,78;186992,27;106386,6;80605,67;"Deuda externa (pública y privada)"
"2023/05/31";54,64;186520,25;106104,81;80415,43;"Deuda externa (pública y privada)"
"2023/06/30";55,54;187448,15;106477,66;80970,49;"Deuda externa (pública y privada)"
"2023/07/31";56,55;190850,04;108397,91;82452,13;"Deuda externa (pública y privada)"
"2023/08/31";56,22;189721,23;107364,92;82356,31;"Deuda externa (pública y privada)"
"2023/09/30";54,63;190522,65;108167,61;82355,04;"Deuda externa (pública y privada)"
"2023/10/31";54,48;189970,44;107316,29;82654,15;"Deuda externa (pública y privada)"
"2023/11/30";55,52;193612,16;110915,71;82696,45;"Deuda externa (pública y privada)"
"2023/12/31";53,23;196219,02;112970,16;83248,86;"Deuda externa (pública y privada)"
"2024/01/31";53,57;197477,71;114137,32;83340,39;"Deuda externa (pública y privada)"
"2024/02/29";53,18;196043,78;113292,54;82751,24;"Deuda externa (pública y privada)"
"2024/03/31";50,39;196365,35;113337,8;83027,54;"Deuda externa (pública y privada)"
"2024/04/30";50,76;197794,2;114371,15;83423,05;"Deuda externa (pública y privada)"
"2024/05/31";50,54;196920,35;113416,85;83503,5;"Deuda externa (pública y privada)"
"2024/06/30";48,15;196248,89;112144,71;84104,18;"Deuda externa (pública y privada)"
"2024/07/31";48,52;197732,71;113191,79;84540,92;"Deuda externa (pública y privada)"
"2024/08/31";48,38;197168,9;112358,86;84810,04;"Deuda externa (pública y privada)"
"2024/09/30";47,82;198250,32;112208,09;86042,22;"Deuda externa (pública y privada)"
"2024/10/31";47,95;198784,65;111513,24;87271,41;"Deuda externa (pública y privada)"
"2024/11/30";48,67;201762,36;113746,56;88015,8;"Deuda externa (pública y privada)"
"2024/12/31";48,14;201705,4;113194,69;88510,71;"Deuda externa (pública y privada)"
"2025/01/31";48,26;202207,79;113602;88605,79;"Deuda externa (pública y privada)"
"2025/02/28";48,03;201259,89;112995,51;88264,37;"Deuda externa (pública y privada)"
"2025/03/31";48,12;203284,98;112988,84;90296,14;"Deuda externa (pública y privada)"
"2025/04/30";49,15;207636,36;116911,47;90724,89;"Deuda externa (pública y privada)"
"2025/05/31";49,17;207725,8;116774,57;90951,23;"Deuda externa (pública y privada)"
"2025/06/30";49;207263,64;116701,96;90561,68;"Deuda externa (pública y privada)"
"2025/07/31";49,21;208147,65;116206,48;91941,17;"Deuda externa (pública y privada)"
"2025/08/31";48,84;206600,03;113061,91;93538,13;"Deuda externa (pública y privada)"
"2025/09/30";48,58;211584,33;118134,74;93449,59;"Deuda externa (pública y privada)"
