"Periodo(MMM, AAAA)";"Meta de inflación";"Inflación total";"Archivo"
"1998/01/31";16;17,84;"Inflación y meta"
"1998/02/28";16;18,03;"Inflación y meta"
"1998/03/31";16;19,24;"Inflación y meta"
"1998/04/30";16;20,74;"Inflación y meta"
"1998/05/31";16;20,67;"Inflación y meta"
"1998/06/30";16;20,69;"Inflación y meta"
"1998/07/31";16;20,27;"Inflación y meta"
"1998/08/31";16;18,94;"Inflación y meta"
"1998/09/30";16;17,8;"Inflación y meta"
"1998/10/31";16;17,09;"Inflación y meta"
"1998/11/30";16;16,35;"Inflación y meta"
"1998/12/31";16;16,7;"Inflación y meta"
"1999/01/31";15;17,18;"Inflación y meta"
"1999/02/28";15;15,38;"Inflación y meta"
"1999/03/31";15;13,51;"Inflación y meta"
"1999/04/30";15;11,17;"Inflación y meta"
"1999/05/31";15;9,98;"Inflación y meta"
"1999/06/30";15;8,96;"Inflación y meta"
"1999/07/31";15;8,78;"Inflación y meta"
"1999/08/31";15;9,28;"Inflación y meta"
"1999/09/30";15;9,33;"Inflación y meta"
"1999/10/31";15;9,32;"Inflación y meta"
"1999/11/30";15;9,65;"Inflación y meta"
"1999/12/31";15;9,23;"Inflación y meta"
"2000/01/31";10;8,25;"Inflación y meta"
"2000/02/29";10;8,89;"Inflación y meta"
"2000/03/31";10;9,73;"Inflación y meta"
"2000/04/30";10;9,96;"Inflación y meta"
"2000/05/31";10;10;"Inflación y meta"
"2000/06/30";10;9,68;"Inflación y meta"
"2000/07/31";10;9,29;"Inflación y meta"
"2000/08/31";10;9,1;"Inflación y meta"
"2000/09/30";10;9,2;"Inflación y meta"
"2000/10/31";10;8,99;"Inflación y meta"
"2000/11/30";10;8,82;"Inflación y meta"
"2000/12/31";10;8,75;"Inflación y meta"
"2001/01/31";8;8,49;"Inflación y meta"
"2001/02/28";8;8,06;"Inflación y meta"
"2001/03/31";8;7,81;"Inflación y meta"
"2001/04/30";8;7,98;"Inflación y meta"
"2001/05/31";8;7,87;"Inflación y meta"
"2001/06/30";8;7,93;"Inflación y meta"
"2001/07/31";8;8,09;"Inflación y meta"
"2001/08/31";8;8,03;"Inflación y meta"
"2001/09/30";8;7,97;"Inflación y meta"
"2001/10/31";8;8,01;"Inflación y meta"
"2001/11/30";8;7,78;"Inflación y meta"
"2001/12/31";8;7,65;"Inflación y meta"
"2002/01/31";6;7,37;"Inflación y meta"
"2002/02/28";6;6,7;"Inflación y meta"
"2002/03/31";6;5,89;"Inflación y meta"
"2002/04/30";6;5,65;"Inflación y meta"
"2002/05/31";6;5,84;"Inflación y meta"
"2002/06/30";6;6,25;"Inflación y meta"
"2002/07/31";6;6,16;"Inflación y meta"
"2002/08/31";6;5,98;"Inflación y meta"
"2002/09/30";6;5,97;"Inflación y meta"
"2002/10/31";6;6,37;"Inflación y meta"
"2002/11/30";6;7,07;"Inflación y meta"
"2002/12/31";6;6,99;"Inflación y meta"
"2003/01/31";5,5;7,39;"Inflación y meta"
"2003/02/28";5,5;7,24;"Inflación y meta"
"2003/03/31";5,5;7,6;"Inflación y meta"
"2003/04/30";5,5;7,85;"Inflación y meta"
"2003/05/31";5,5;7,73;"Inflación y meta"
"2003/06/30";5,5;7,21;"Inflación y meta"
"2003/07/31";5,5;7,04;"Inflación y meta"
"2003/08/31";5,5;7,26;"Inflación y meta"
"2003/09/30";5,5;7,11;"Inflación y meta"
"2003/10/31";5,5;6,58;"Inflación y meta"
"2003/11/30";5,5;6,13;"Inflación y meta"
"2003/12/31";5,5;6,49;"Inflación y meta"
"2004/01/31";5,5;6,19;"Inflación y meta"
"2004/02/29";5,5;6,28;"Inflación y meta"
"2004/03/31";5,5;6,21;"Inflación y meta"
"2004/04/30";5,5;5,49;"Inflación y meta"
"2004/05/31";5,5;5,37;"Inflación y meta"
"2004/06/30";5,5;6,07;"Inflación y meta"
"2004/07/31";5,5;6,19;"Inflación y meta"
"2004/08/31";5,5;5,89;"Inflación y meta"
"2004/09/30";5,5;5,97;"Inflación y meta"
"2004/10/31";5,5;5,9;"Inflación y meta"
"2004/11/30";5,5;5,82;"Inflación y meta"
"2004/12/31";5,5;5,5;"Inflación y meta"
"2005/01/31";5;5,43;"Inflación y meta"
"2005/02/28";5;5,25;"Inflación y meta"
"2005/03/31";5;5,03;"Inflación y meta"
"2005/04/30";5;5,01;"Inflación y meta"
"2005/05/31";5;5,04;"Inflación y meta"
"2005/06/30";5;4,83;"Inflación y meta"
"2005/07/31";5;4,91;"Inflación y meta"
"2005/08/31";5;4,88;"Inflación y meta"
"2005/09/30";5;5,02;"Inflación y meta"
"2005/10/31";5;5,27;"Inflación y meta"
"2005/11/30";5;5,1;"Inflación y meta"
"2005/12/31";5;4,85;"Inflación y meta"
"2006/01/31";4,5;4,56;"Inflación y meta"
"2006/02/28";4,5;4,19;"Inflación y meta"
"2006/03/31";4,5;4,11;"Inflación y meta"
"2006/04/30";4,5;4,12;"Inflación y meta"
"2006/05/31";4,5;4,04;"Inflación y meta"
"2006/06/30";4,5;3,94;"Inflación y meta"
"2006/07/31";4,5;4,32;"Inflación y meta"
"2006/08/31";4,5;4,72;"Inflación y meta"
"2006/09/30";4,5;4,58;"Inflación y meta"
"2006/10/31";4,5;4,19;"Inflación y meta"
"2006/11/30";4,5;4,31;"Inflación y meta"
"2006/12/31";4,5;4,48;"Inflación y meta"
"2007/01/31";4;4,71;"Inflación y meta"
"2007/02/28";4;5,25;"Inflación y meta"
"2007/03/31";4;5,78;"Inflación y meta"
"2007/04/30";4;6,26;"Inflación y meta"
"2007/05/31";4;6,23;"Inflación y meta"
"2007/06/30";4;6,03;"Inflación y meta"
"2007/07/31";4;5,77;"Inflación y meta"
"2007/08/31";4;5,22;"Inflación y meta"
"2007/09/30";4;5;"Inflación y meta"
"2007/10/31";4;5,16;"Inflación y meta"
"2007/11/30";4;5,41;"Inflación y meta"
"2007/12/31";4;5,69;"Inflación y meta"
"2008/01/31";4;6;"Inflación y meta"
"2008/02/29";4;6,35;"Inflación y meta"
"2008/03/31";4;5,93;"Inflación y meta"
"2008/04/30";4;5,73;"Inflación y meta"
"2008/05/31";4;6,39;"Inflación y meta"
"2008/06/30";4;7,18;"Inflación y meta"
"2008/07/31";4;7,52;"Inflación y meta"
"2008/08/31";4;7,87;"Inflación y meta"
"2008/09/30";4;7,57;"Inflación y meta"
"2008/10/31";4;7,94;"Inflación y meta"
"2008/11/30";4;7,73;"Inflación y meta"
"2008/12/31";4;7,67;"Inflación y meta"
"2009/01/31";5;7,18;"Inflación y meta"
"2009/02/28";5;6,47;"Inflación y meta"
"2009/03/31";5;6,14;"Inflación y meta"
"2009/04/30";5;5,73;"Inflación y meta"
"2009/05/31";5;4,77;"Inflación y meta"
"2009/06/30";5;3,81;"Inflación y meta"
"2009/07/31";5;3,28;"Inflación y meta"
"2009/08/31";5;3,13;"Inflación y meta"
"2009/09/30";5;3,21;"Inflación y meta"
"2009/10/31";5;2,72;"Inflación y meta"
"2009/11/30";5;2,37;"Inflación y meta"
"2009/12/31";5;2;"Inflación y meta"
"2010/01/31";3;2,1;"Inflación y meta"
"2010/02/28";3;2,09;"Inflación y meta"
"2010/03/31";3;1,84;"Inflación y meta"
"2010/04/30";3;1,98;"Inflación y meta"
"2010/05/31";3;2,07;"Inflación y meta"
"2010/06/30";3;2,25;"Inflación y meta"
"2010/07/31";3;2,24;"Inflación y meta"
"2010/08/31";3;2,31;"Inflación y meta"
"2010/09/30";3;2,28;"Inflación y meta"
"2010/10/31";3;2,33;"Inflación y meta"
"2010/11/30";3;2,59;"Inflación y meta"
"2010/12/31";3;3,17;"Inflación y meta"
"2011/01/31";3;3,4;"Inflación y meta"
"2011/02/28";3;3,17;"Inflación y meta"
"2011/03/31";3;3,19;"Inflación y meta"
"2011/04/30";3;2,84;"Inflación y meta"
"2011/05/31";3;3,02;"Inflación y meta"
"2011/06/30";3;3,23;"Inflación y meta"
"2011/07/31";3;3,42;"Inflación y meta"
"2011/08/31";3;3,27;"Inflación y meta"
"2011/09/30";3;3,73;"Inflación y meta"
"2011/10/31";3;4,02;"Inflación y meta"
"2011/11/30";3;3,96;"Inflación y meta"
"2011/12/31";3;3,73;"Inflación y meta"
"2012/01/31";3;3,54;"Inflación y meta"
"2012/02/29";3;3,55;"Inflación y meta"
"2012/03/31";3;3,4;"Inflación y meta"
"2012/04/30";3;3,43;"Inflación y meta"
"2012/05/31";3;3,44;"Inflación y meta"
"2012/06/30";3;3,2;"Inflación y meta"
"2012/07/31";3;3,03;"Inflación y meta"
"2012/08/31";3;3,11;"Inflación y meta"
"2012/09/30";3;3,08;"Inflación y meta"
"2012/10/31";3;3,06;"Inflación y meta"
"2012/11/30";3;2,77;"Inflación y meta"
"2012/12/31";3;2,44;"Inflación y meta"
"2013/01/31";3;2;"Inflación y meta"
"2013/02/28";3;1,83;"Inflación y meta"
"2013/03/31";3;1,91;"Inflación y meta"
"2013/04/30";3;2,02;"Inflación y meta"
"2013/05/31";3;2;"Inflación y meta"
"2013/06/30";3;2,16;"Inflación y meta"
"2013/07/31";3;2,22;"Inflación y meta"
"2013/08/31";3;2,27;"Inflación y meta"
"2013/09/30";3;2,27;"Inflación y meta"
"2013/10/31";3;1,84;"Inflación y meta"
"2013/11/30";3;1,76;"Inflación y meta"
"2013/12/31";3;1,94;"Inflación y meta"
"2014/01/31";3;2,13;"Inflación y meta"
"2014/02/28";3;2,32;"Inflación y meta"
"2014/03/31";3;2,51;"Inflación y meta"
"2014/04/30";3;2,72;"Inflación y meta"
"2014/05/31";3;2,93;"Inflación y meta"
"2014/06/30";3;2,79;"Inflación y meta"
"2014/07/31";3;2,89;"Inflación y meta"
"2014/08/31";3;3,02;"Inflación y meta"
"2014/09/30";3;2,86;"Inflación y meta"
"2014/10/31";3;3,29;"Inflación y meta"
"2014/11/30";3;3,65;"Inflación y meta"
"2014/12/31";3;3,66;"Inflación y meta"
"2015/01/31";3;3,82;"Inflación y meta"
"2015/02/28";3;4,36;"Inflación y meta"
"2015/03/31";3;4,56;"Inflación y meta"
"2015/04/30";3;4,64;"Inflación y meta"
"2015/05/31";3;4,41;"Inflación y meta"
"2015/06/30";3;4,42;"Inflación y meta"
"2015/07/31";3;4,46;"Inflación y meta"
"2015/08/31";3;4,74;"Inflación y meta"
"2015/09/30";3;5,35;"Inflación y meta"
"2015/10/31";3;5,89;"Inflación y meta"
"2015/11/30";3;6,39;"Inflación y meta"
"2015/12/31";3;6,77;"Inflación y meta"
"2016/01/31";3;7,45;"Inflación y meta"
"2016/02/29";3;7,59;"Inflación y meta"
"2016/03/31";3;7,98;"Inflación y meta"
"2016/04/30";3;7,93;"Inflación y meta"
"2016/05/31";3;8,2;"Inflación y meta"
"2016/06/30";3;8,6;"Inflación y meta"
"2016/07/31";3;8,97;"Inflación y meta"
"2016/08/31";3;8,1;"Inflación y meta"
"2016/09/30";3;7,27;"Inflación y meta"
"2016/10/31";3;6,48;"Inflación y meta"
"2016/11/30";3;5,96;"Inflación y meta"
"2016/12/31";3;5,75;"Inflación y meta"
"2017/01/31";3;5,47;"Inflación y meta"
"2017/02/28";3;5,18;"Inflación y meta"
"2017/03/31";3;4,69;"Inflación y meta"
"2017/04/30";3;4,66;"Inflación y meta"
"2017/05/31";3;4,37;"Inflación y meta"
"2017/06/30";3;3,99;"Inflación y meta"
"2017/07/31";3;3,4;"Inflación y meta"
"2017/08/31";3;3,87;"Inflación y meta"
"2017/09/30";3;3,97;"Inflación y meta"
"2017/10/31";3;4,05;"Inflación y meta"
"2017/11/30";3;4,12;"Inflación y meta"
"2017/12/31";3;4,09;"Inflación y meta"
"2018/01/31";3;3,68;"Inflación y meta"
"2018/02/28";3;3,37;"Inflación y meta"
"2018/03/31";3;3,14;"Inflación y meta"
"2018/04/30";3;3,13;"Inflación y meta"
"2018/05/31";3;3,16;"Inflación y meta"
"2018/06/30";3;3,2;"Inflación y meta"
"2018/07/31";3;3,12;"Inflación y meta"
"2018/08/31";3;3,1;"Inflación y meta"
"2018/09/30";3;3,23;"Inflación y meta"
"2018/10/31";3;3,33;"Inflación y meta"
"2018/11/30";3;3,27;"Inflación y meta"
"2018/12/31";3;3,18;"Inflación y meta"
"2019/01/31";3;3,15;"Inflación y meta"
"2019/02/28";3;3,01;"Inflación y meta"
"2019/03/31";3;3,21;"Inflación y meta"
"2019/04/30";3;3,25;"Inflación y meta"
"2019/05/31";3;3,31;"Inflación y meta"
"2019/06/30";3;3,43;"Inflación y meta"
"2019/07/31";3;3,79;"Inflación y meta"
"2019/08/31";3;3,75;"Inflación y meta"
"2019/09/30";3;3,82;"Inflación y meta"
"2019/10/31";3;3,86;"Inflación y meta"
"2019/11/30";3;3,84;"Inflación y meta"
"2019/12/31";3;3,8;"Inflación y meta"
"2020/01/31";3;3,62;"Inflación y meta"
"2020/02/29";3;3,72;"Inflación y meta"
"2020/03/31";3;3,86;"Inflación y meta"
"2020/04/30";3;3,51;"Inflación y meta"
"2020/05/31";3;2,85;"Inflación y meta"
"2020/06/30";3;2,19;"Inflación y meta"
"2020/07/31";3;1,97;"Inflación y meta"
"2020/08/31";3;1,88;"Inflación y meta"
"2020/09/30";3;1,97;"Inflación y meta"
"2020/10/31";3;1,75;"Inflación y meta"
"2020/11/30";3;1,49;"Inflación y meta"
"2020/12/31";3;1,61;"Inflación y meta"
"2021/01/31";3;1,6;"Inflación y meta"
"2021/02/28";3;1,56;"Inflación y meta"
"2021/03/31";3;1,51;"Inflación y meta"
"2021/04/30";3;1,95;"Inflación y meta"
"2021/05/31";3;3,3;"Inflación y meta"
"2021/06/30";3;3,63;"Inflación y meta"
"2021/07/31";3;3,97;"Inflación y meta"
"2021/08/31";3;4,44;"Inflación y meta"
"2021/09/30";3;4,51;"Inflación y meta"
"2021/10/31";3;4,58;"Inflación y meta"
"2021/11/30";3;5,26;"Inflación y meta"
"2021/12/31";3;5,62;"Inflación y meta"
"2022/01/31";3;6,94;"Inflación y meta"
"2022/02/28";3;8,01;"Inflación y meta"
"2022/03/31";3;8,53;"Inflación y meta"
"2022/04/30";3;9,23;"Inflación y meta"
"2022/05/31";3;9,07;"Inflación y meta"
"2022/06/30";3;9,67;"Inflación y meta"
"2022/07/31";3;10,21;"Inflación y meta"
"2022/08/31";3;10,84;"Inflación y meta"
"2022/09/30";3;11,44;"Inflación y meta"
"2022/10/31";3;12,22;"Inflación y meta"
"2022/11/30";3;12,53;"Inflación y meta"
"2022/12/31";3;13,12;"Inflación y meta"
"2023/01/31";3;13,25;"Inflación y meta"
"2023/02/28";3;13,28;"Inflación y meta"
"2023/03/31";3;13,34;"Inflación y meta"
"2023/04/30";3;12,82;"Inflación y meta"
"2023/05/31";3;12,36;"Inflación y meta"
"2023/06/30";3;12,13;"Inflación y meta"
"2023/07/31";3;11,78;"Inflación y meta"
"2023/08/31";3;11,43;"Inflación y meta"
"2023/09/30";3;10,99;"Inflación y meta"
"2023/10/31";3;10,48;"Inflación y meta"
"2023/11/30";3;10,15;"Inflación y meta"
"2023/12/31";3;9,28;"Inflación y meta"
"2024/01/31";3;8,35;"Inflación y meta"
"2024/02/29";3;7,74;"Inflación y meta"
"2024/03/31";3;7,36;"Inflación y meta"
"2024/04/30";3;7,16;"Inflación y meta"
"2024/05/31";3;7,16;"Inflación y meta"
"2024/06/30";3;7,18;"Inflación y meta"
"2024/07/31";3;6,86;"Inflación y meta"
"2024/08/31";3;6,12;"Inflación y meta"
"2024/09/30";3;5,81;"Inflación y meta"
"2024/10/31";3;5,41;"Inflación y meta"
"2024/11/30";3;5,2;"Inflación y meta"
"2024/12/31";3;5,2;"Inflación y meta"
"2025/01/31";3;5,22;"Inflación y meta"
"2025/02/28";3;5,28;"Inflación y meta"
"2025/03/31";3;5,09;"Inflación y meta"
"2025/04/30";3;5,16;"Inflación y meta"
"2025/05/31";3;5,05;"Inflación y meta"
"2025/06/30";3;4,82;"Inflación y meta"
"2025/07/31";3;4,9;"Inflación y meta"
"2025/08/31";3;5,1;"Inflación y meta"
"2025/09/30";3;5,18;"Inflación y meta"
"2025/10/31";3;5,51;"Inflación y meta"
"2025/11/30";3;5,3;"Inflación y meta"
"2025/12/31";3;5,1;"Inflación y meta"
"2026/01/31";3;5,35;"Inflación y meta"
"2026/02/28";3;5,29;"Inflación y meta"
"2026/03/31";3;5,56;"Inflación y meta"
"2026/04/30";3;5,68;"Inflación y meta"
