"Periodo(MMM, AAAA)";"Índice de Precios del Productor (IPP)";"Archivo"
"1999/06/30";43,87;"IPP_Índice de Precios del Productor"
"1999/07/31";44,59;"IPP_Índice de Precios del Productor"
"1999/08/31";45,24;"IPP_Índice de Precios del Productor"
"1999/09/30";45,71;"IPP_Índice de Precios del Productor"
"1999/10/31";46,27;"IPP_Índice de Precios del Productor"
"1999/11/30";46,89;"IPP_Índice de Precios del Productor"
"1999/12/31";47,41;"IPP_Índice de Precios del Productor"
"2000/01/31";48,07;"IPP_Índice de Precios del Productor"
"2000/02/29";49,19;"IPP_Índice de Precios del Productor"
"2000/03/31";49,87;"IPP_Índice de Precios del Productor"
"2000/04/30";50,36;"IPP_Índice de Precios del Productor"
"2000/05/31";50,83;"IPP_Índice de Precios del Productor"
"2000/06/30";51,1;"IPP_Índice de Precios del Productor"
"2000/07/31";51,5;"IPP_Índice de Precios del Productor"
"2000/08/31";51,68;"IPP_Índice de Precios del Productor"
"2000/09/30";52,27;"IPP_Índice de Precios del Productor"
"2000/10/31";52,05;"IPP_Índice de Precios del Productor"
"2000/11/30";52,01;"IPP_Índice de Precios del Productor"
"2000/12/31";52,09;"IPP_Índice de Precios del Productor"
"2001/01/31";53,01;"IPP_Índice de Precios del Productor"
"2001/02/28";53,99;"IPP_Índice de Precios del Productor"
"2001/03/31";54,43;"IPP_Índice de Precios del Productor"
"2001/04/30";55,37;"IPP_Índice de Precios del Productor"
"2001/05/31";55,97;"IPP_Índice de Precios del Productor"
"2001/06/30";55,57;"IPP_Índice de Precios del Productor"
"2001/07/31";55,37;"IPP_Índice de Precios del Productor"
"2001/08/31";55,37;"IPP_Índice de Precios del Productor"
"2001/09/30";55,48;"IPP_Índice de Precios del Productor"
"2001/10/31";54,91;"IPP_Índice de Precios del Productor"
"2001/11/30";54,67;"IPP_Índice de Precios del Productor"
"2001/12/31";54,78;"IPP_Índice de Precios del Productor"
"2002/01/31";55,1;"IPP_Índice de Precios del Productor"
"2002/02/28";55,32;"IPP_Índice de Precios del Productor"
"2002/03/31";55,86;"IPP_Índice de Precios del Productor"
"2002/04/30";56,29;"IPP_Índice de Precios del Productor"
"2002/05/31";56,78;"IPP_Índice de Precios del Productor"
"2002/06/30";56,96;"IPP_Índice de Precios del Productor"
"2002/07/31";57,32;"IPP_Índice de Precios del Productor"
"2002/08/31";58,09;"IPP_Índice de Precios del Productor"
"2002/09/30";59,37;"IPP_Índice de Precios del Productor"
"2002/10/31";60,16;"IPP_Índice de Precios del Productor"
"2002/11/30";59,78;"IPP_Índice de Precios del Productor"
"2002/12/31";60,34;"IPP_Índice de Precios del Productor"
"2003/01/31";61,33;"IPP_Índice de Precios del Productor"
"2003/02/28";62,29;"IPP_Índice de Precios del Productor"
"2003/03/31";62,58;"IPP_Índice de Precios del Productor"
"2003/04/30";62,96;"IPP_Índice de Precios del Productor"
"2003/05/31";62,86;"IPP_Índice de Precios del Productor"
"2003/06/30";62,72;"IPP_Índice de Precios del Productor"
"2003/07/31";62,92;"IPP_Índice de Precios del Productor"
"2003/08/31";63,1;"IPP_Índice de Precios del Productor"
"2003/09/30";62,93;"IPP_Índice de Precios del Productor"
"2003/10/31";63,02;"IPP_Índice de Precios del Productor"
"2003/11/30";63,42;"IPP_Índice de Precios del Productor"
"2003/12/31";63,69;"IPP_Índice de Precios del Productor"
"2004/01/31";64,41;"IPP_Índice de Precios del Productor"
"2004/02/29";65,03;"IPP_Índice de Precios del Productor"
"2004/03/31";65,43;"IPP_Índice de Precios del Productor"
"2004/04/30";65,92;"IPP_Índice de Precios del Productor"
"2004/05/31";66,95;"IPP_Índice de Precios del Productor"
"2004/06/30";67,18;"IPP_Índice de Precios del Productor"
"2004/07/31";66,85;"IPP_Índice de Precios del Productor"
"2004/08/31";66,97;"IPP_Índice de Precios del Productor"
"2004/09/30";67,25;"IPP_Índice de Precios del Productor"
"2004/10/31";68;"IPP_Índice de Precios del Productor"
"2004/11/30";67,83;"IPP_Índice de Precios del Productor"
"2004/12/31";67,24;"IPP_Índice de Precios del Productor"
"2005/01/31";67,85;"IPP_Índice de Precios del Productor"
"2005/02/28";68,7;"IPP_Índice de Precios del Productor"
"2005/03/31";69,95;"IPP_Índice de Precios del Productor"
"2005/04/30";69,75;"IPP_Índice de Precios del Productor"
"2005/05/31";69,75;"IPP_Índice de Precios del Productor"
"2005/06/30";70,1;"IPP_Índice de Precios del Productor"
"2005/07/31";69,99;"IPP_Índice de Precios del Productor"
"2005/08/31";70,18;"IPP_Índice de Precios del Productor"
"2005/09/30";69,83;"IPP_Índice de Precios del Productor"
"2005/10/31";70,16;"IPP_Índice de Precios del Productor"
"2005/11/30";69,84;"IPP_Índice de Precios del Productor"
"2005/12/31";69,74;"IPP_Índice de Precios del Productor"
"2006/01/31";70,57;"IPP_Índice de Precios del Productor"
"2006/02/28";70,61;"IPP_Índice de Precios del Productor"
"2006/03/31";71,43;"IPP_Índice de Precios del Productor"
"2006/04/30";73,16;"IPP_Índice de Precios del Productor"
"2006/05/31";73,95;"IPP_Índice de Precios del Productor"
"2006/06/30";74,53;"IPP_Índice de Precios del Productor"
"2006/07/31";75,2;"IPP_Índice de Precios del Productor"
"2006/08/31";74,96;"IPP_Índice de Precios del Productor"
"2006/09/30";74,69;"IPP_Índice de Precios del Productor"
"2006/10/31";74,4;"IPP_Índice de Precios del Productor"
"2006/11/30";74,08;"IPP_Índice de Precios del Productor"
"2006/12/31";74,37;"IPP_Índice de Precios del Productor"
"2007/01/31";74,72;"IPP_Índice de Precios del Productor"
"2007/02/28";74,79;"IPP_Índice de Precios del Productor"
"2007/03/31";74,98;"IPP_Índice de Precios del Productor"
"2007/04/30";74,94;"IPP_Índice de Precios del Productor"
"2007/05/31";74,37;"IPP_Índice de Precios del Productor"
"2007/06/30";73,88;"IPP_Índice de Precios del Productor"
"2007/07/31";74,09;"IPP_Índice de Precios del Productor"
"2007/08/31";74,97;"IPP_Índice de Precios del Productor"
"2007/09/30";75,91;"IPP_Índice de Precios del Productor"
"2007/10/31";75,83;"IPP_Índice de Precios del Productor"
"2007/11/30";77,01;"IPP_Índice de Precios del Productor"
"2007/12/31";77,92;"IPP_Índice de Precios del Productor"
"2008/01/31";79,01;"IPP_Índice de Precios del Productor"
"2008/02/29";79,92;"IPP_Índice de Precios del Productor"
"2008/03/31";79,69;"IPP_Índice de Precios del Productor"
"2008/04/30";80;"IPP_Índice de Precios del Productor"
"2008/05/31";81,12;"IPP_Índice de Precios del Productor"
"2008/06/30";82,26;"IPP_Índice de Precios del Productor"
"2008/07/31";84,91;"IPP_Índice de Precios del Productor"
"2008/08/31";84,8;"IPP_Índice de Precios del Productor"
"2008/09/30";86,99;"IPP_Índice de Precios del Productor"
"2008/10/31";88,36;"IPP_Índice de Precios del Productor"
"2008/11/30";87,42;"IPP_Índice de Precios del Productor"
"2008/12/31";84,5;"IPP_Índice de Precios del Productor"
"2009/01/31";82,22;"IPP_Índice de Precios del Productor"
"2009/02/28";85,18;"IPP_Índice de Precios del Productor"
"2009/03/31";85,29;"IPP_Índice de Precios del Productor"
"2009/04/30";86,81;"IPP_Índice de Precios del Productor"
"2009/05/31";85,89;"IPP_Índice de Precios del Productor"
"2009/06/30";85,57;"IPP_Índice de Precios del Productor"
"2009/07/31";86,14;"IPP_Índice de Precios del Productor"
"2009/08/31";85,46;"IPP_Índice de Precios del Productor"
"2009/09/30";84,99;"IPP_Índice de Precios del Productor"
"2009/10/31";84,12;"IPP_Índice de Precios del Productor"
"2009/11/30";85,02;"IPP_Índice de Precios del Productor"
"2009/12/31";86,34;"IPP_Índice de Precios del Productor"
"2010/01/31";88,13;"IPP_Índice de Precios del Productor"
"2010/02/28";88,05;"IPP_Índice de Precios del Productor"
"2010/03/31";88,28;"IPP_Índice de Precios del Productor"
"2010/04/30";88,94;"IPP_Índice de Precios del Productor"
"2010/05/31";89,96;"IPP_Índice de Precios del Productor"
"2010/06/30";88,74;"IPP_Índice de Precios del Productor"
"2010/07/31";88,06;"IPP_Índice de Precios del Productor"
"2010/08/31";87,63;"IPP_Índice de Precios del Productor"
"2010/09/30";87;"IPP_Índice de Precios del Productor"
"2010/10/31";87,01;"IPP_Índice de Precios del Productor"
"2010/11/30";89,02;"IPP_Índice de Precios del Productor"
"2010/12/31";91,31;"IPP_Índice de Precios del Productor"
"2011/01/31";92,46;"IPP_Índice de Precios del Productor"
"2011/02/28";93,94;"IPP_Índice de Precios del Productor"
"2011/03/31";95,53;"IPP_Índice de Precios del Productor"
"2011/04/30";96,22;"IPP_Índice de Precios del Productor"
"2011/05/31";97,67;"IPP_Índice de Precios del Productor"
"2011/06/30";96,34;"IPP_Índice de Precios del Productor"
"2011/07/31";95,43;"IPP_Índice de Precios del Productor"
"2011/08/31";95,74;"IPP_Índice de Precios del Productor"
"2011/09/30";96,38;"IPP_Índice de Precios del Productor"
"2011/10/31";98,18;"IPP_Índice de Precios del Productor"
"2011/11/30";98,83;"IPP_Índice de Precios del Productor"
"2011/12/31";99,21;"IPP_Índice de Precios del Productor"
"2012/01/31";97,67;"IPP_Índice de Precios del Productor"
"2012/02/29";97,81;"IPP_Índice de Precios del Productor"
"2012/03/31";97,66;"IPP_Índice de Precios del Productor"
"2012/04/30";98,1;"IPP_Índice de Precios del Productor"
"2012/05/31";97,68;"IPP_Índice de Precios del Productor"
"2012/06/30";95,12;"IPP_Índice de Precios del Productor"
"2012/07/31";93,55;"IPP_Índice de Precios del Productor"
"2012/08/31";94,89;"IPP_Índice de Precios del Productor"
"2012/09/30";96,39;"IPP_Índice de Precios del Productor"
"2012/10/31";96,26;"IPP_Índice de Precios del Productor"
"2012/11/30";95,5;"IPP_Índice de Precios del Productor"
"2012/12/31";94,39;"IPP_Índice de Precios del Productor"
"2013/01/31";94,24;"IPP_Índice de Precios del Productor"
"2013/02/28";94,77;"IPP_Índice de Precios del Productor"
"2013/03/31";95,69;"IPP_Índice de Precios del Productor"
"2013/04/30";95,02;"IPP_Índice de Precios del Productor"
"2013/05/31";94,77;"IPP_Índice de Precios del Productor"
"2013/06/30";95,5;"IPP_Índice de Precios del Productor"
"2013/07/31";95,21;"IPP_Índice de Precios del Productor"
"2013/08/31";95,48;"IPP_Índice de Precios del Productor"
"2013/09/30";95,93;"IPP_Índice de Precios del Productor"
"2013/10/31";94,73;"IPP_Índice de Precios del Productor"
"2013/11/30";94,53;"IPP_Índice de Precios del Productor"
"2013/12/31";94,32;"IPP_Índice de Precios del Productor"
"2014/01/31";95,18;"IPP_Índice de Precios del Productor"
"2014/02/28";96,57;"IPP_Índice de Precios del Productor"
"2014/03/31";98,16;"IPP_Índice de Precios del Productor"
"2014/04/30";98,04;"IPP_Índice de Precios del Productor"
"2014/05/31";97,86;"IPP_Índice de Precios del Productor"
"2014/06/30";97,4;"IPP_Índice de Precios del Productor"
"2014/07/31";97,08;"IPP_Índice de Precios del Productor"
"2014/08/31";97,82;"IPP_Índice de Precios del Productor"
"2014/09/30";98,45;"IPP_Índice de Precios del Productor"
"2014/10/31";98,71;"IPP_Índice de Precios del Productor"
"2014/11/30";98,06;"IPP_Índice de Precios del Productor"
"2014/12/31";100;"IPP_Índice de Precios del Productor"
"2015/01/31";98,72;"IPP_Índice de Precios del Productor"
"2015/02/28";96,77;"IPP_Índice de Precios del Productor"
"2015/03/31";100,44;"IPP_Índice de Precios del Productor"
"2015/04/30";99,08;"IPP_Índice de Precios del Productor"
"2015/05/31";99,05;"IPP_Índice de Precios del Productor"
"2015/06/30";101,07;"IPP_Índice de Precios del Productor"
"2015/07/31";102,33;"IPP_Índice de Precios del Productor"
"2015/08/31";104,39;"IPP_Índice de Precios del Productor"
"2015/09/30";104,38;"IPP_Índice de Precios del Productor"
"2015/10/31";103,37;"IPP_Índice de Precios del Productor"
"2015/11/30";103,89;"IPP_Índice de Precios del Productor"
"2015/12/31";105,48;"IPP_Índice de Precios del Productor"
"2016/01/31";105,32;"IPP_Índice de Precios del Productor"
"2016/02/29";105,74;"IPP_Índice de Precios del Productor"
"2016/03/31";106,19;"IPP_Índice de Precios del Productor"
"2016/04/30";105,76;"IPP_Índice de Precios del Productor"
"2016/05/31";107,12;"IPP_Índice de Precios del Productor"
"2016/06/30";108,1;"IPP_Índice de Precios del Productor"
"2016/07/31";108,38;"IPP_Índice de Precios del Productor"
"2016/08/31";107,15;"IPP_Índice de Precios del Productor"
"2016/09/30";106,9;"IPP_Índice de Precios del Productor"
"2016/10/31";107,19;"IPP_Índice de Precios del Productor"
"2016/11/30";109,24;"IPP_Índice de Precios del Productor"
"2016/12/31";107,76;"IPP_Índice de Precios del Productor"
"2017/01/31";108,12;"IPP_Índice de Precios del Productor"
"2017/02/28";107,48;"IPP_Índice de Precios del Productor"
"2017/03/31";107,31;"IPP_Índice de Precios del Productor"
"2017/04/30";106,87;"IPP_Índice de Precios del Productor"
"2017/05/31";106,39;"IPP_Índice de Precios del Productor"
"2017/06/30";105,86;"IPP_Índice de Precios del Productor"
"2017/07/31";107,1;"IPP_Índice de Precios del Productor"
"2017/08/31";107,7;"IPP_Índice de Precios del Productor"
"2017/09/30";108,17;"IPP_Índice de Precios del Productor"
"2017/10/31";109,04;"IPP_Índice de Precios del Productor"
"2017/11/30";110,76;"IPP_Índice de Precios del Productor"
"2017/12/31";111,29;"IPP_Índice de Precios del Productor"
"2018/01/31";111,5;"IPP_Índice de Precios del Productor"
"2018/02/28";111,35;"IPP_Índice de Precios del Productor"
"2018/03/31";111,14;"IPP_Índice de Precios del Productor"
"2018/04/30";111,41;"IPP_Índice de Precios del Productor"
"2018/05/31";113,86;"IPP_Índice de Precios del Productor"
"2018/06/30";113,72;"IPP_Índice de Precios del Productor"
"2018/07/31";113,45;"IPP_Índice de Precios del Productor"
"2018/08/31";113,26;"IPP_Índice de Precios del Productor"
"2018/09/30";115,97;"IPP_Índice de Precios del Productor"
"2018/10/31";117,52;"IPP_Índice de Precios del Productor"
"2018/11/30";115,67;"IPP_Índice de Precios del Productor"
"2018/12/31";113,86;"IPP_Índice de Precios del Productor"
"2019/01/31";114,53;"IPP_Índice de Precios del Productor"
"2019/02/28";115,6;"IPP_Índice de Precios del Productor"
"2019/03/31";116,37;"IPP_Índice de Precios del Productor"
"2019/04/30";118,03;"IPP_Índice de Precios del Productor"
"2019/05/31";119,91;"IPP_Índice de Precios del Productor"
"2019/06/30";117,99;"IPP_Índice de Precios del Productor"
"2019/07/31";118,68;"IPP_Índice de Precios del Productor"
"2019/08/31";118,91;"IPP_Índice de Precios del Productor"
"2019/09/30";120,35;"IPP_Índice de Precios del Productor"
"2019/10/31";120,34;"IPP_Índice de Precios del Productor"
"2019/11/30";120,31;"IPP_Índice de Precios del Productor"
"2019/12/31";120,79;"IPP_Índice de Precios del Productor"
"2020/01/31";119,91;"IPP_Índice de Precios del Productor"
"2020/02/29";118,69;"IPP_Índice de Precios del Productor"
"2020/03/31";116,16;"IPP_Índice de Precios del Productor"
"2020/04/30";112,33;"IPP_Índice de Precios del Productor"
"2020/05/31";113,73;"IPP_Índice de Precios del Productor"
"2020/06/30";115,73;"IPP_Índice de Precios del Productor"
"2020/07/31";117,49;"IPP_Índice de Precios del Productor"
"2020/08/31";119,31;"IPP_Índice de Precios del Productor"
"2020/09/30";118,78;"IPP_Índice de Precios del Productor"
"2020/10/31";119,52;"IPP_Índice de Precios del Productor"
"2020/11/30";119,54;"IPP_Índice de Precios del Productor"
"2020/12/31";119,74;"IPP_Índice de Precios del Productor"
"2021/01/31";123,03;"IPP_Índice de Precios del Productor"
"2021/02/28";126,19;"IPP_Índice de Precios del Productor"
"2021/03/31";129,23;"IPP_Índice de Precios del Productor"
"2021/04/30";130,88;"IPP_Índice de Precios del Productor"
"2021/05/31";135,01;"IPP_Índice de Precios del Productor"
"2021/06/30";136,76;"IPP_Índice de Precios del Productor"
"2021/07/31";139,03;"IPP_Índice de Precios del Productor"
"2021/08/31";140,32;"IPP_Índice de Precios del Productor"
"2021/09/30";142,14;"IPP_Índice de Precios del Productor"
"2021/10/31";146,17;"IPP_Índice de Precios del Productor"
"2021/11/30";150,39;"IPP_Índice de Precios del Productor"
"2021/12/31";151,53;"IPP_Índice de Precios del Productor"
"2022/01/31";159,25;"IPP_Índice de Precios del Productor"
"2022/02/28";165,4;"IPP_Índice de Precios del Productor"
"2022/03/31";172,86;"IPP_Índice de Precios del Productor"
"2022/04/30";175,83;"IPP_Índice de Precios del Productor"
"2022/05/31";181,71;"IPP_Índice de Precios del Productor"
"2022/06/30";180,03;"IPP_Índice de Precios del Productor"
"2022/07/31";184,9;"IPP_Índice de Precios del Productor"
"2022/08/31";181,19;"IPP_Índice de Precios del Productor"
"2022/09/30";180,9;"IPP_Índice de Precios del Productor"
"2022/10/31";184,68;"IPP_Índice de Precios del Productor"
"2022/11/30";187,27;"IPP_Índice de Precios del Productor"
"2022/12/31";184,57;"IPP_Índice de Precios del Productor"
"2023/01/31";185,05;"IPP_Índice de Precios del Productor"
"2023/02/28";187,15;"IPP_Índice de Precios del Productor"
"2023/03/31";185,11;"IPP_Índice de Precios del Productor"
"2023/04/30";182,27;"IPP_Índice de Precios del Productor"
"2023/05/31";178,28;"IPP_Índice de Precios del Productor"
"2023/06/30";174,08;"IPP_Índice de Precios del Productor"
"2023/07/31";173,02;"IPP_Índice de Precios del Productor"
"2023/08/31";176,26;"IPP_Índice de Precios del Productor"
"2023/09/30";179,13;"IPP_Índice de Precios del Productor"
"2023/10/31";180,13;"IPP_Índice de Precios del Productor"
"2023/11/30";176,45;"IPP_Índice de Precios del Productor"
"2023/12/31";173,88;"IPP_Índice de Precios del Productor"
"2024/01/31";174,91;"IPP_Índice de Precios del Productor"
"2024/02/29";176,77;"IPP_Índice de Precios del Productor"
"2024/03/31";177,57;"IPP_Índice de Precios del Productor"
"2024/04/30";179,17;"IPP_Índice de Precios del Productor"
"2024/05/31";177,83;"IPP_Índice de Precios del Productor"
"2024/06/30";180,15;"IPP_Índice de Precios del Productor"
"2024/07/31";180,55;"IPP_Índice de Precios del Productor"
"2024/08/31";178,54;"IPP_Índice de Precios del Productor"
"2024/09/30";179,93;"IPP_Índice de Precios del Productor"
"2024/10/31";181,96;"IPP_Índice de Precios del Productor"
"2024/11/30";184,92;"IPP_Índice de Precios del Productor"
"2024/12/31";186,42;"IPP_Índice de Precios del Productor"
"2025/01/31";188,03;"IPP_Índice de Precios del Productor"
"2025/02/28";187,34;"IPP_Índice de Precios del Productor"
"2025/03/31";186,22;"IPP_Índice de Precios del Productor"
"2025/04/30";186,51;"IPP_Índice de Precios del Productor"
"2025/05/31";184,42;"IPP_Índice de Precios del Productor"
"2025/06/30";184,07;"IPP_Índice de Precios del Productor"
"2025/07/31";184,62;"IPP_Índice de Precios del Productor"
"2025/08/31";185,51;"IPP_Índice de Precios del Productor"
"2025/09/30";186,53;"IPP_Índice de Precios del Productor"
"2025/10/31";185,03;"IPP_Índice de Precios del Productor"
"2025/11/30";182,23;"IPP_Índice de Precios del Productor"
"2025/12/31";181,57;"IPP_Índice de Precios del Productor"
"2026/01/31";184,35;"IPP_Índice de Precios del Productor"
"2026/02/28";186,73;"IPP_Índice de Precios del Productor"
"2026/03/31";195,6;"IPP_Índice de Precios del Productor"
"2026/04/30";195,45;"IPP_Índice de Precios del Productor"
"2026/05/31";196,95;"IPP_Índice de Precios del Productor"
